{
    "Sri_Lanka": [
        7.5554942,
        80.7137847
    ],
    "India": [
        22.3511148,
        78.6677428
    ],
    "Indonesia": [
        -2.4833826,
        117.8902853
    ],
    "Japan": [
        36.5748441,
        139.2394179
    ],
    "Pakistan": [
        30.3308401,
        71.247499
    ],
    "China": [
        35.000074,
        104.999927
    ],
    "Thailand": [
        14.8971921,
        100.83273
    ],
    "France": [
        46.603354,
        1.8883335
    ],
    "Liberia": [
        5.7499721,
        -9.3658524
    ],
    "Bhutan": [
        27.549511,
        90.5119273
    ],
    "Myanmar": [
        17.1750495,
        95.9999652
    ],
    "Senegal": [
        14.4750607,
        -14.4529612
    ],
    "Soviet_Union": [
        44.5666334,
        27.359793
    ],
    "Philippines": [
        12.7503486,
        122.7312101
    ],
    "Nicaragua": [
        12.3506436,
        -85.7841006
    ],
    "Hungary": [
        47.1817585,
        19.5060937
    ],
    "Africa": [
        11.5024338,
        17.7578122
    ],
    "Madagascar": [
        -18.9249604,
        46.4416422
    ],
    "Cuba": [
        23.0131338,
        -80.8328748
    ],
    "Nepal": [
        28.3780464,
        83.9999901
    ],
    "Malaysia": [
        4.5693754,
        102.2656823
    ],
    "Cambodia": [
        12.5433216,
        104.8144914
    ],
    "Venezuela": [
        8.0018709,
        -66.1109318
    ],
    "Kenya": [
        1.4419683,
        38.4313975
    ],
    "Bangladesh": [
        24.4769288,
        90.2934413
    ],
    "Gambia": [
        13.470062,
        -15.4900464
    ],
    "United_States": [
        39.7837304,
        -100.445882
    ],
    "Laos": [
        20.0171109,
        103.378253
    ],
    "Brunei_Darussalam": [
        4.4137155,
        114.5653908
    ],
    "Sierra_Leone": [
        8.6400349,
        -11.8400269
    ],
    "South_Korea": [
        36.638392,
        127.6961188
    ],
    "Mexico": [
        23.6585116,
        -102.0077097
    ],
    "Vietnam": [
        15.9266657,
        107.9650855
    ],
    "Peru": [
        -6.8699697,
        -75.0458515
    ],
    "Afghanistan": [
        33.7680065,
        66.2385139
    ],
    "Austria": [
        47.59397,
        14.12456
    ],
    "Spain": [
        39.3260685,
        -4.8379791
    ],
    "Iran": [
        32.6475314,
        54.5643516
    ],
    "Brazil": [
        -10.3333333,
        -53.2
    ],
    "Chile": [
        -31.7613365,
        -71.3187697
    ],
    "Taiwan": [
        23.9739374,
        120.9820179
    ],
    "Surinam": [
        4.1413025,
        -56.0771187
    ],
    "Paraguay": [
        -23.3165935,
        -58.1693445
    ],
    "Zambia": [
        -14.5189121,
        27.5589884
    ],
    "Guyana": [
        4.8417097,
        -58.6416891
    ],
    "Ecuador": [
        -1.3397668,
        -79.3666965
    ],
    "Colombia": [
        4.099917,
        -72.9088133
    ],
    "Ghana": [
        8.0300284,
        -1.0800271
    ],
    "Guinea-Bissau": [
        11.815215,
        -15.2351044
    ],
    "Guinea": [
        10.7226226,
        -10.7083587
    ],
    "Turkey": [
        39.294076,
        35.2316631
    ],
    "Tanzania": [
        -6.5247123,
        35.7878438
    ],
    "Portugal": [
        39.6621648,
        -8.1353519
    ],
    "Nigeria": [
        9.6000359,
        7.9999721
    ],
    "Ivory_Coast": [
        7.9897371,
        -5.5679458
    ],
    "Central_America": [
        -30.2929528,
        153.1258582
    ],
    "Argentina": [
        -34.9964963,
        -64.9672817
    ],
    "Netherlands": [
        52.2434979,
        5.6343227
    ],
    "Burkina_Faso": [
        12.0753083,
        -1.6880314
    ],
    "Hong_Kong": [
        22.350627,
        114.1849161
    ],
    "Australia": [
        -24.7761086,
        134.755
    ],
    "Burundi": [
        -3.426449,
        29.9324519
    ],
    "Guatemala": [
        15.5855545,
        -90.345759
    ],
    "Uruguay": [
        -32.8755548,
        -56.0201525
    ],
    "Dominican_Republic": [
        19.0974031,
        -70.3028026
    ],
    "Bulgaria": [
        42.6073975,
        25.4856617
    ],
    "Fiji": [
        -18.1239696,
        179.0122737
    ],
    "Malawi": [
        -13.2687204,
        33.9301963
    ],
    "Zimbabwe": [
        -18.4554963,
        29.7468414
    ],
    "Italy": [
        42.6384261,
        12.674297
    ],
    "Benin": [
        9.5293472,
        2.2584408
    ],
    "Cameroon": [
        4.6125522,
        13.1535811
    ],
    "Greece": [
        38.9953683,
        21.9877132
    ],
    "Niger": [
        17.7356214,
        9.3238432
    ],
    "Haiti": [
        19.1399952,
        -72.3570972
    ],
    "Solomon_Islands": [
        -8.7053941,
        159.1070694
    ],
    "New_Zealand": [
        -41.5000831,
        172.8344077
    ],
    "Panama": [
        8.559559,
        -81.1308434
    ],
    "Chad": [
        15.6134137,
        19.0156172
    ],
    "Belgium": [
        50.6402809,
        4.6667145
    ],
    "Georgia": [
        32.3293809,
        -83.1137366
    ],
    "Norway": [
        61.1529386,
        8.7876653
    ]
}